{
 "first_reduction": {
  "names": [
   "phi",
   "eta",
   "theta_fa",
   "epsilon",
   "maint_margin",
   "arb_intercept",
   "beta_r"
  ],
  "mu_star": [
   0.12586789798679246,
   0.0,
   0.0,
   0.0,
   0.0,
   0.01573506462459384,
   0.04598511861981161
  ],
  "sigma": [
   0.025424861435839975,
   0.0,
   0.0,
   0.0,
   0.0,
   0.018479610966268396,
   0.03028963338273016
  ]
 },
 "fade_ratio": {
  "names": [
   "phi",
   "eta",
   "theta_fa",
   "epsilon",
   "maint_margin",
   "arb_intercept",
   "beta_r"
  ],
  "mu_star": [
   0.35250178270019034,
   0.8078973954733238,
   0.29165583951109475,
   0.0,
   0.0,
   0.3900994595628691,
   0.6014067836752847
  ],
  "sigma": [
   0.47499499708422305,
   0.9757823186248643,
   0.30361903014451297,
   0.0,
   0.0,
   0.520586087502539,
   0.7958999269733202
  ]
 },
 "sybil_coverage": {
  "names": [
   "phi",
   "eta",
   "theta_fa",
   "epsilon",
   "maint_margin",
   "arb_intercept",
   "beta_r"
  ],
  "mu_star": [
   0.012060379707438533,
   0.011963118580765639,
   0.010504201680672268,
   0.10319405539993777,
   0.0,
   0.012935729847494559,
   0.008072673513849991
  ],
  "sigma": [
   0.014136148981047623,
   0.013723879909682013,
   0.012395149140379442,
   0.013705821175074677,
   0.0,
   0.01817309606545953,
   0.008867119540326807
  ]
 },
 "final_trust": {
  "names": [
   "phi",
   "eta",
   "theta_fa",
   "epsilon",
   "maint_margin",
   "arb_intercept",
   "beta_r"
  ],
  "mu_star": [
   0.021329709893531893,
   0.025486655287007446,
   0.15605742876570985,
   0.0,
   0.0,
   0.02314870110560947,
   0.016642173807559762
  ],
  "sigma": [
   0.013213987316666261,
   0.014628446409381128,
   0.024209313081908844,
   0.0,
   0.0,
   0.011742641657976135,
   0.006721615032635032
  ]
 }
}