{
 "first_reduction": {
  "names": [
   "phi",
   "eta",
   "theta_fa",
   "epsilon",
   "maint_margin",
   "arb_intercept",
   "beta_r"
  ],
  "S1": [
   0.845111400895725,
   0.0,
   0.0,
   0.0,
   0.0,
   -0.013921057380434488,
   0.08488730991720564
  ],
  "ST": [
   0.917247378723219,
   0.0,
   0.0,
   0.0,
   0.0,
   0.01752740059834182,
   0.14942982120251466
  ]
 },
 "fade_ratio": {
  "names": [
   "phi",
   "eta",
   "theta_fa",
   "epsilon",
   "maint_margin",
   "arb_intercept",
   "beta_r"
  ],
  "S1": [
   -0.14531383586833962,
   0.36407002810902817,
   0.2077251368202268,
   0.0,
   0.0,
   -0.12473496102263826,
   0.20842442083797197
  ],
  "ST": [
   0.7025434349174023,
   1.353971572572164,
   0.6386610460766521,
   0.0,
   0.0,
   0.9586968638541161,
   0.9680797957121494
  ]
 },
 "sybil_coverage": {
  "names": [
   "phi",
   "eta",
   "theta_fa",
   "epsilon",
   "maint_margin",
   "arb_intercept",
   "beta_r"
  ],
  "S1": [
   -0.008681437241401751,
   0.022388307203620745,
   0.010214686215458155,
   0.9631103075944459,
   0.0,
   -0.003257622184240294,
   0.031814384326039724
  ],
  "ST": [
   0.030406837655707432,
   0.02530499069948114,
   0.03370027347232061,
   0.9966302718384347,
   0.0,
   0.039402087418395036,
   0.029245199441320653
  ]
 },
 "final_trust": {
  "names": [
   "phi",
   "eta",
   "theta_fa",
   "epsilon",
   "maint_margin",
   "arb_intercept",
   "beta_r"
  ],
  "S1": [
   -0.0042542636380412,
   0.020764830297082187,
   0.9286694688159857,
   0.0,
   0.0,
   0.054064576769130006,
   0.006517285666465621
  ],
  "ST": [
   0.014889900086429958,
   0.022067743664448813,
   0.9319207287642135,
   0.0,
   0.0,
   0.021260599532080246,
   0.00911928111191765
  ]
 }
}