{
 "phi_firstreduction": [
  [
   0.6,
   0.0721766703808594
  ],
  [
   0.9,
   0.11262041918887059
  ],
  [
   1.13,
   0.13942084511693353
  ],
  [
   1.4,
   0.17112351615505061
  ],
  [
   1.7,
   0.20136934089818526
  ]
 ],
 "eta_faderatio": [
  [
   0.0,
   1.1322619174676705
  ],
  [
   0.1,
   0.8989583940839556
  ],
  [
   0.228,
   0.6733157522507832
  ],
  [
   0.4,
   0.6610370095975985
  ],
  [
   0.6,
   0.7238871666761612
  ]
 ],
 "eps_sybildet": {
  "static_ref": 1.0,
  "adaptive": [
   [
    0.05,
    0.0875895563704934
   ],
   [
    0.15,
    0.11844052689568979
   ],
   [
    0.25,
    0.1492222916563886
   ],
   [
    0.4,
    0.19175697676330805
   ]
  ]
 },
 "fa_overfrictiontrust": {
  "standard_ref": 0.5833044930259432,
  "overfriction": [
   [
    0.0,
    0.5836393708456332
   ],
   [
    0.05,
    0.5242269544357533
   ],
   [
    0.1,
    0.4708219729227996
   ],
   [
    0.2,
    0.39546970166175766
   ]
  ]
 },
 "groom_victimreduction": [
  [
   0.0,
   0.10474780638403101
  ],
  [
   0.1,
   0.044737285680062244
  ],
  [
   0.2,
   0.04219001214193287
  ],
  [
   0.35,
   0.047771407664737905
  ],
  [
   0.5,
   0.04857266942454404
  ]
 ],
 "margin_systemic": [
  [
   0.3,
   0.17170173754999113,
   0.7804642037135083
  ],
  [
   0.45,
   0.15171083256990223,
   0.7804642037135083
  ],
  [
   0.6,
   0.13426741876634227,
   0.7804642037135083
  ],
  [
   0.75,
   0.117861332315852,
   0.7804642037135083
  ]
 ]
}