{
 "calibration": {
  "estimated": {
   "fric_attention": 1.1297815045900639,
   "s1_risk_app": 2.2333394481427966,
   "hab_lr": 0.22775187788531187,
   "arb_intercept": -0.21172870773822072
  },
  "targets": {
   "first_reduction": 0.095,
   "control_rate": 0.45,
   "fade_ratio": 0.55
  },
  "achieved_moments": {
   "first_reduction": 0.14322966125502312,
   "control_rate": 0.6387404898369103,
   "fade_ratio": 0.5582846290540613
  },
  "loss": 0.18810003687497479,
  "iterations": 43,
  "converged": true
 },
 "sensitivity": {
  "morris": {
   "first_reduction": {
    "names": [
     "phi",
     "eta",
     "theta_fa",
     "epsilon",
     "maint_margin",
     "arb_intercept",
     "beta_r"
    ],
    "mu_star": [
     0.12586789798679246,
     0.0,
     0.0,
     0.0,
     0.0,
     0.01573506462459384,
     0.04598511861981161
    ],
    "sigma": [
     0.025424861435839975,
     0.0,
     0.0,
     0.0,
     0.0,
     0.018479610966268396,
     0.03028963338273016
    ]
   },
   "fade_ratio": {
    "names": [
     "phi",
     "eta",
     "theta_fa",
     "epsilon",
     "maint_margin",
     "arb_intercept",
     "beta_r"
    ],
    "mu_star": [
     0.35250178270019034,
     0.8078973954733238,
     0.29165583951109475,
     0.0,
     0.0,
     0.3900994595628691,
     0.6014067836752847
    ],
    "sigma": [
     0.47499499708422305,
     0.9757823186248643,
     0.30361903014451297,
     0.0,
     0.0,
     0.520586087502539,
     0.7958999269733202
    ]
   },
   "sybil_coverage": {
    "names": [
     "phi",
     "eta",
     "theta_fa",
     "epsilon",
     "maint_margin",
     "arb_intercept",
     "beta_r"
    ],
    "mu_star": [
     0.012060379707438533,
     0.011963118580765639,
     0.010504201680672268,
     0.10319405539993777,
     0.0,
     0.012935729847494559,
     0.008072673513849991
    ],
    "sigma": [
     0.014136148981047623,
     0.013723879909682013,
     0.012395149140379442,
     0.013705821175074677,
     0.0,
     0.01817309606545953,
     0.008867119540326807
    ]
   },
   "final_trust": {
    "names": [
     "phi",
     "eta",
     "theta_fa",
     "epsilon",
     "maint_margin",
     "arb_intercept",
     "beta_r"
    ],
    "mu_star": [
     0.021329709893531893,
     0.025486655287007446,
     0.15605742876570985,
     0.0,
     0.0,
     0.02314870110560947,
     0.016642173807559762
    ],
    "sigma": [
     0.013213987316666261,
     0.014628446409381128,
     0.024209313081908844,
     0.0,
     0.0,
     0.011742641657976135,
     0.006721615032635032
    ]
   }
  },
  "sobol": {
   "first_reduction": {
    "names": [
     "phi",
     "eta",
     "theta_fa",
     "epsilon",
     "maint_margin",
     "arb_intercept",
     "beta_r"
    ],
    "S1": [
     0.845111400895725,
     0.0,
     0.0,
     0.0,
     0.0,
     -0.013921057380434488,
     0.08488730991720564
    ],
    "ST": [
     0.917247378723219,
     0.0,
     0.0,
     0.0,
     0.0,
     0.01752740059834182,
     0.14942982120251466
    ]
   },
   "fade_ratio": {
    "names": [
     "phi",
     "eta",
     "theta_fa",
     "epsilon",
     "maint_margin",
     "arb_intercept",
     "beta_r"
    ],
    "S1": [
     -0.14531383586833962,
     0.36407002810902817,
     0.2077251368202268,
     0.0,
     0.0,
     -0.12473496102263826,
     0.20842442083797197
    ],
    "ST": [
     0.7025434349174023,
     1.353971572572164,
     0.6386610460766521,
     0.0,
     0.0,
     0.9586968638541161,
     0.9680797957121494
    ]
   },
   "sybil_coverage": {
    "names": [
     "phi",
     "eta",
     "theta_fa",
     "epsilon",
     "maint_margin",
     "arb_intercept",
     "beta_r"
    ],
    "S1": [
     -0.008681437241401751,
     0.022388307203620745,
     0.010214686215458155,
     0.9631103075944459,
     0.0,
     -0.003257622184240294,
     0.031814384326039724
    ],
    "ST": [
     0.030406837655707432,
     0.02530499069948114,
     0.03370027347232061,
     0.9966302718384347,
     0.0,
     0.039402087418395036,
     0.029245199441320653
    ]
   },
   "final_trust": {
    "names": [
     "phi",
     "eta",
     "theta_fa",
     "epsilon",
     "maint_margin",
     "arb_intercept",
     "beta_r"
    ],
    "S1": [
     -0.0042542636380412,
     0.020764830297082187,
     0.9286694688159857,
     0.0,
     0.0,
     0.054064576769130006,
     0.006517285666465621
    ],
    "ST": [
     0.014889900086429958,
     0.022067743664448813,
     0.9319207287642135,
     0.0,
     0.0,
     0.021260599532080246,
     0.00911928111191765
    ]
   }
  },
  "sweeps": {
   "phi_firstreduction": [
    [
     0.6,
     0.0721766703808594
    ],
    [
     0.9,
     0.11262041918887059
    ],
    [
     1.13,
     0.13942084511693353
    ],
    [
     1.4,
     0.17112351615505061
    ],
    [
     1.7,
     0.20136934089818526
    ]
   ],
   "eta_faderatio": [
    [
     0.0,
     1.1322619174676705
    ],
    [
     0.1,
     0.8989583940839556
    ],
    [
     0.228,
     0.6733157522507832
    ],
    [
     0.4,
     0.6610370095975985
    ],
    [
     0.6,
     0.7238871666761612
    ]
   ],
   "eps_sybildet": {
    "static_ref": 1.0,
    "adaptive": [
     [
      0.05,
      0.0875895563704934
     ],
     [
      0.15,
      0.11844052689568979
     ],
     [
      0.25,
      0.1492222916563886
     ],
     [
      0.4,
      0.19175697676330805
     ]
    ]
   },
   "fa_overfrictiontrust": {
    "standard_ref": 0.5833044930259432,
    "overfriction": [
     [
      0.0,
      0.5836393708456332
     ],
     [
      0.05,
      0.5242269544357533
     ],
     [
      0.1,
      0.4708219729227996
     ],
     [
      0.2,
      0.39546970166175766
     ]
    ]
   },
   "groom_victimreduction": [
    [
     0.0,
     0.10474780638403101
    ],
    [
     0.1,
     0.044737285680062244
    ],
    [
     0.2,
     0.04219001214193287
    ],
    [
     0.35,
     0.047771407664737905
    ],
    [
     0.5,
     0.04857266942454404
    ]
   ],
   "margin_systemic": [
    [
     0.3,
     0.17170173754999113,
     0.7804642037135083
    ],
    [
     0.45,
     0.15171083256990223,
     0.7804642037135083
    ],
    [
     0.6,
     0.13426741876634227,
     0.7804642037135083
    ],
    [
     0.75,
     0.117861332315852,
     0.7804642037135083
    ]
   ]
  }
 },
 "coverage": {
  "static": {
   "market_manipulator": {
    "detected": 55271,
    "total": 110824,
    "rate": 0.4987277124088645,
    "ci95": [
     0.4957840112030996,
     0.5016715018166542
    ]
   },
   "sybil_attacker": {
    "detected": 112882,
    "total": 112882,
    "rate": 1.0,
    "ci95": [
     0.9999659691601219,
     1.0
    ]
   },
   "money_launderer": {
    "detected": 37163,
    "total": 74326,
    "rate": 0.5,
    "ci95": [
     0.4964054504714641,
     0.5035945495285359
    ]
   },
   "cyber_red_team": {
    "detected": 0,
    "total": 38892,
    "rate": 0.0,
    "ci95": [
     0.0,
     9.876634215828358e-05
    ]
   }
  },
  "adaptive": {
   "market_manipulator": {
    "detected": 20700,
    "total": 110824,
    "rate": 0.18678264635818956,
    "ci95": [
     0.18449889759714777,
     0.1890881090815062
    ]
   },
   "sybil_attacker": {
    "detected": 13233,
    "total": 112882,
    "rate": 0.117228610407328,
    "ci95": [
     0.11536496722817324,
     0.11911830565022108
    ]
   },
   "money_launderer": {
    "detected": 12467,
    "total": 74326,
    "rate": 0.16773403654172162,
    "ci95": [
     0.16506509157357682,
     0.1704373266099701
    ]
   },
   "cyber_red_team": {
    "detected": 0,
    "total": 38892,
    "rate": 0.0,
    "ci95": [
     0.0,
     9.876634215828358e-05
    ]
   }
  }
 },
 "fade": {
  "per_step": [
   {
    "step": 0,
    "control": 0.6237705661841799,
    "friction": 0.5428473179253117,
    "reduction": 0.12973239303980577
   },
   {
    "step": 1,
    "control": 0.6935024043598933,
    "friction": 0.5965735063625345,
    "reduction": 0.13976721261236974
   },
   {
    "step": 2,
    "control": 0.699070009248568,