n_agents,sec,rate
1000,0.0405428409576416,345313.7389811172
5000,0.15105175971984863,463417.3089398428
20000,0.5955243110656738,470173.92035423033
50000,1.7367277145385742,403056.84888893523
100000,3.331707715988159,420204.92772571155
