role,detected,total,rate,lo,hi
market_manipulator,55271,110824,0.4987277124088645,0.4957840112030996,0.5016715018166542
sybil_attacker,112882,112882,1.0,0.9999659691601219,1.0
money_launderer,37163,74326,0.5,0.4964054504714641,0.5035945495285359
cyber_red_team,0,38892,0.0,0.0,9.876634215828358e-05
