{
  "peak": [
    4.027092212566927,
    3.9071752039787078,
    4.1021419603510925
  ],
  "crash": [
    0.4246702615576264,
    0.4089908814286308,
    0.45090571908455146
  ],
  "burned": [
    0.24163762134968822,
    0.2287905363548856,
    0.2605992328999911
  ]
}